username, creation_date, last_change_date
SpeakerIllusion, 1704487844, 1732051393 
HonestMiner, 1709173933, 1732051393 
PandaGuerrilla, 1723739567, 1732051393 
ProudNavigator, 1712862798, 1732051393 
CoolingFoodkeeper, 1714071447, 1732051393 
TactfulBaker, 1719350425, 1732051393 
GuardianWolf, 1726069717, 1732051393 
SlenderEndurance, 1722988030, 1732051393 
MysteryUnlocker, 1722590289, 1732051393 
AvengerSurge, 1703079183, 1732051393 
VillagerSiri, 1724928236, 1732051393 
FriendlyUndead, 1714502637, 1732051393 
JazzyWhisperer, 1723662670, 1732051393 
GolferSimplify, 1713734105, 1732051393 
SwervingQuirk, 1704103860, 1732051393 
ActorCharisma, 1728461202, 1732051393 
GrinningFiend, 1730455359, 1732051393 
MixerPippin, 1726639938, 1732051393 
ChillyLemonade, 1718834238, 1732051393 
PoshGrin, 1731304358, 1732051393 
PreciseLink, 1703577353, 1732051393 
MercenaryGiver, 1723462874, 1732051393 
QuippyWisdom, 1718364928, 1732051393 
OversizedWonder, 1722644183, 1732051393 
ReboundFeline, 1731106070, 1732051393 
ChaoticKeyboard, 1716442753, 1732051393 
VogueKnitter, 1714377967, 1732051393 
SlipperyGenius, 1731384956, 1732051393 
PasticheSigned, 1714123923, 1732051393 
GrinTribe, 1709674857, 1732051393 
